name_of_insurer,claims_outstanding_at_the_beginning_of_the_quarter,claims_intimated_during_the_quarter,claims_intimated_and_revived_during_the_quarter,claims_revised_during_the_quarter,claims_revived_during_the_quarter,claims_paid_during_the_quarter,claims_rejected_and_closed_as_no_claims_during_the_quarter,claims_declined_during_the_quarter,claims_closed_as_no_claims_during_the_quarter,claims_outstanding_at_the_end_of_the_quarter,declined_claims_ratio_percent,claims_closed_as_no_claims_ratio_percent,claim_settlement_ratio_percent,quarter,year
GA Life,13,418,NA,NA,NA,431,NA,NA,NA,NA,0,NA,100,Q4,2016
ABSA Life,49,298,NA,NA,NA,333,NA,NA,NA,NA,0,NA,100,Q4,2016
ICEA Life,198,11448,NA,NA,NA,11414,NA,NA,NA,232,0,NA,98,Q4,2016
UAP Life,126,1829,NA,NA,NA,1828,NA,NA,NA,127,0,NA,93.5,Q4,2016
The Kenyan Alliance,30,611,NA,NA,NA,588,2,NA,NA,51,0.3,NA,91.7,Q4,2016
Madison,951,2960,NA,NA,NA,3134,NA,NA,NA,777,0,NA,80.1,Q4,2016
Capex Life,113,13,NA,NA,NA,98,NA,NA,NA,28,0,NA,77.8,Q4,2016
Jubilee,1987,7215,NA,NA,NA,7001,29,NA,NA,2172,0.3,NA,76.1,Q4,2016
Kenindia,540,1479,NA,NA,NA,1473,68,NA,NA,478,3.4,NA,73,Q4,2016
Britam Life,2464,5483,NA,NA,NA,5549,NA,NA,NA,2398,0,NA,69.8,Q4,2016
Corporate,111,366,NA,NA,NA,323,NA,NA,NA,154,0,NA,67.7,Q4,2016
Sanlam Life,2218,4673,NA,NA,NA,4617,NA,NA,NA,2274,0,NA,67,Q4,2016
CIC Life,1210,1428,NA,NA,13,1532,7,NA,NA,1112,0.3,NA,57.8,Q4,2016
First Assurance,29,36,NA,NA,NA,35,10,NA,NA,20,15.4,NA,53.8,Q4,2016
Kenya Orient,75,7,NA,NA,NA,41,8,NA,NA,33,9.8,NA,50,Q4,2016
Old Mutual,1251,1288,NA,NA,NA,1246,15,NA,NA,1278,0.6,NA,49.1,Q4,2016
Metropolitan Cannon,19,190,NA,NA,NA,97,NA,NA,NA,112,0,NA,46.4,Q4,2016
Pioneer,4489,3544,NA,NA,115,3239,96,NA,NA,4814,1.2,NA,39.7,Q4,2016
Prudential Life,3779,1321,NA,NA,NA,1650,NA,NA,NA,3450,0,NA,32.4,Q4,2016
Liberty Life,594,245,NA,NA,NA,197,2,NA,NA,640,0.2,NA,23.5,Q4,2016
APA Life,811,271,NA,NA,NA,181,23,NA,NA,878,2.1,NA,16.7,Q4,2016
The Monarch,32,3,NA,NA,NA,3,NA,NA,NA,32,0,NA,8.6,Q4,2016
Geminia,517,5,NA,NA,NA,14,NA,NA,NA,508,0,NA,2.7,Q4,2016
Cannon Life,873,26,NA,NA,NA,12,NA,NA,NA,887,0,NA,1.3,Q4,2016
Saham,22,1,NA,NA,NA,NA,3,NA,NA,20,13,NA,0,Q4,2016
Takaful Life,NA,NA,NA,NA,NA,NA,NA,NA,NA,NA,NA,NA,NA,Q4,2016
Industry,22501,45158,NA,NA,128,45036,263,NA,NA,22475,0.4,NA,66.5,Q4,2016
GA Life,NA,NA,NA,NA,NA,NA,NA,NA,NA,NA,NA,NA,95.4,Q3,2016
ABSA Life,NA,NA,NA,NA,NA,NA,NA,NA,NA,NA,NA,NA,73.5,Q3,2016
ICEA Life,NA,NA,NA,NA,NA,NA,NA,NA,NA,NA,NA,NA,98.3,Q3,2016
UAP Life,NA,NA,NA,NA,NA,NA,NA,NA,NA,NA,NA,NA,92.7,Q3,2016
The Kenyan Alliance,NA,NA,NA,NA,NA,NA,NA,NA,NA,NA,NA,NA,94.4,Q3,2016
Madison,NA,NA,NA,NA,NA,NA,NA,NA,NA,NA,NA,NA,73,Q3,2016
Capex Life,NA,NA,NA,NA,NA,NA,NA,NA,NA,NA,NA,NA,11.7,Q3,2016
Jubilee,NA,NA,NA,NA,NA,NA,NA,NA,NA,NA,NA,NA,78.1,Q3,2016
Kenindia,NA,NA,NA,NA,NA,NA,NA,NA,NA,NA,NA,NA,50.5,Q3,2016
Britam Life,NA,NA,NA,NA,NA,NA,NA,NA,NA,NA,NA,NA,65.6,Q3,2016
Corporate,NA,NA,NA,NA,NA,NA,NA,NA,NA,NA,NA,NA,74.7,Q3,2016
Sanlam Life,NA,NA,NA,NA,NA,NA,NA,NA,NA,NA,NA,NA,62.5,Q3,2016
CIC Life,NA,NA,NA,NA,NA,NA,NA,NA,NA,NA,NA,NA,59.8,Q3,2016
First Assurance,NA,NA,NA,NA,NA,NA,NA,NA,NA,NA,NA,NA,71.6,Q3,2016
Kenya Orient,NA,NA,NA,NA,NA,NA,NA,NA,NA,NA,NA,NA,33.9,Q3,2016
Old Mutual,NA,NA,NA,NA,NA,NA,NA,NA,NA,NA,NA,NA,50.6,Q3,2016
Metropolitan Cannon,NA,NA,NA,NA,NA,NA,NA,NA,NA,NA,NA,NA,86.3,Q3,2016
Pioneer,NA,NA,NA,NA,NA,NA,NA,NA,NA,NA,NA,NA,44.5,Q3,2016
Prudential Life,NA,NA,NA,NA,NA,NA,NA,NA,NA,NA,NA,NA,28.2,Q3,2016
Liberty Life,NA,NA,NA,NA,NA,NA,NA,NA,NA,NA,NA,NA,26,Q3,2016
APA Life,NA,NA,NA,NA,NA,NA,NA,NA,NA,NA,NA,NA,19.9,Q3,2016
The Monarch,NA,NA,NA,NA,NA,NA,NA,NA,NA,NA,NA,NA,15.8,Q3,2016
Geminia,NA,NA,NA,NA,NA,NA,NA,NA,NA,NA,NA,NA,2.5,Q3,2016
Cannon Life,NA,NA,NA,NA,NA,NA,NA,NA,NA,NA,NA,NA,1.5,Q3,2016
Saham,NA,NA,NA,NA,NA,NA,NA,NA,NA,NA,NA,NA,18.5,Q3,2016
Takaful Life,NA,NA,NA,NA,NA,NA,NA,NA,NA,NA,NA,NA,NA,Q3,2016
Industry,NA,NA,NA,NA,NA,NA,NA,NA,NA,NA,NA,NA,64.4,Q3,2016
GA Life,NA,207,NA,NA,NA,206,NA,NA,NA,1,0,NA,99.5,Q1,2017
ICEA Life,225,11450,NA,NA,NA,11432,NA,NA,NA,243,0,NA,97.9,Q1,2017
The Kenyan Alliance,51,772,NA,NA,NA,768,NA,NA,NA,55,NA,NA,93.3,Q1,2017
UAP Life,127,1587,NA,NA,NA,1583,NA,NA,NA,131,0,NA,92.4,Q1,2017
ABSA Life,NA,406,NA,NA,NA,352,NA,NA,NA,54,0,NA,86.7,Q1,2017
Madison,777,3286,NA,NA,NA,3286,NA,NA,NA,777,0,NA,80.9,Q1,2017
Pioneer,4814,4263,NA,NA,NA,7212,NA,NA,NA,1865,NA,NA,79.5,Q1,2017
Jubilee,2172,6957,NA,NA,NA,6919,24,NA,NA,2186,0.3,NA,75.8,Q1,2017
Capex Life,28,36,NA,NA,NA,48,NA,NA,NA,16,0,NA,75,Q1,2017
Kenindia,478,1257,NA,NA,NA,1290,12,NA,NA,433,0.7,NA,74.4,Q1,2017
First Assurance,20,79,NA,NA,NA,72,NA,NA,NA,28,NA,NA,72,Q1,2017
Sanlam Life,1454,3284,NA,NA,NA,3307,7,NA,NA,1424,0.1,NA,69.8,Q1,2017
Britam Life,2398,4169,NA,NA,NA,4427,NA,NA,NA,2140,0,NA,67.4,Q1,2017
Corporate,154,494,NA,NA,NA,383,NA,NA,NA,265,0,NA,59.1,Q1,2017
CIC Life,1112,1548,NA,NA,9,1419,31,NA,NA,1219,1.2,NA,53.2,Q1,2017
Old Mutual,1278,1206,NA,NA,NA,1173,95,NA,NA,1216,3.8,NA,47.2,Q1,2017
The Monarch,32,19,NA,NA,NA,18,NA,NA,NA,33,0,NA,35.3,Q1,2017
Prudential Life,3450,737,NA,NA,118,1311,745,NA,NA,2249,17.3,NA,30.5,Q1,2017
Metropolitan Cannon,112,452,NA,NA,NA,149,NA,NA,NA,415,0,NA,26.4,Q1,2017
Liberty Life,640,254,NA,NA,NA,225,6,NA,NA,663,0.7,NA,25.2,Q1,2017
Cannon Life,884,44,NA,NA,NA,218,NA,NA,NA,710,0,NA,23.5,Q1,2017
APA Life,880,207,NA,NA,NA,229,13,NA,NA,845,1.2,NA,21.1,Q1,2017
Kenya Orient,33,35,NA,NA,NA,11,NA,NA,NA,57,NA,NA,16.2,Q1,2017
Saham,20,2,NA,NA,NA,1,NA,NA,NA,21,NA,NA,4.5,Q1,2017
Geminia,508,12,NA,NA,NA,6,NA,NA,NA,514,0,NA,1.2,Q1,2017
Takaful Life,1,NA,NA,NA,NA,NA,NA,NA,NA,1,NA,NA,NA,Q1,2017
Industry,21648,42763,NA,NA,127,46045,933,NA,NA,17561,1.4,NA,71.3,Q1,2017
ICEA Life,243,12303,NA,NA,NA,12270,NA,NA,NA,276,0,0,97.8,Q2,2017
The Kenyan Alliance,55,988,NA,NA,NA,968,NA,NA,NA,75,0,0,92.8,Q2,2017
Madison,777,3627,NA,NA,NA,3669,NA,NA,NA,735,0,0,83.3,Q2,2017
ABSA Life,54,380,NA,NA,NA,361,NA,NA,NA,73,0,0,83.2,Q2,2017
Pioneer,1865,4807,NA,NA,NA,5191,NA,23,34,1424,0.3,0.5,77.8,Q2,2017
Corporate,265,391,NA,NA,NA,492,NA,NA,NA,164,0,0,75,Q2,2017
Jubilee,2186,7856,NA,NA,NA,7496,NA,1,8,2537,0,0.1,74.6,Q2,2017
Sanlam Life,1424,3862,NA,NA,NA,3653,NA,7,261,1365,0.1,4.9,69.1,Q2,2017
Kenindia,433,1509,NA,NA,NA,1326,NA,NA,116,500,0,6,68.3,Q2,2017
Capex Life,16,75,NA,NA,NA,59,NA,NA,NA,32,0,0,64.8,Q2,2017
Britam Life,2140,10444,NA,NA,NA,7865,NA,NA,NA,4719,0,0,62.5,Q2,2017
CIC Life,1219,1409,NA,NA,4,1495,NA,1,63,1073,0,2.4,56.8,Q2,2017
First Assurance,28,16,NA,NA,NA,22,NA,NA,NA,22,0,0,50,Q2,2017
Old Mutual,1216,2783,NA,NA,NA,1630,NA,NA,3,2366,0,0.1,40.8,Q2,2017
Prudential Life,2249,951,NA,NA,NA,1124,NA,NA,10,2066,0,0.3,35.1,Q2,2017
UAP Life,131,5031,NA,NA,NA,1779,NA,NA,NA,3383,0,0,34.5,Q2,2017
Kenya Orient,57,10,NA,NA,NA,18,NA,NA,NA,49,0,0,26.9,Q2,2017
Metropolitan Cannon,415,329,NA,NA,NA,193,NA,NA,NA,551,0,0,25.9,Q2,2017
Liberty Life,663,191,NA,NA,NA,185,NA,NA,NA,669,0,0,21.7,Q2,2017
APA Life,845,187,NA,NA,NA,161,NA,NA,9,862,0,0.9,15.6,Q2,2017
The Monarch,33,12,NA,NA,NA,6,NA,NA,NA,39,0,0,13.3,Q2,2017
Cannon Life,710,79,NA,NA,NA,38,NA,NA,NA,751,0,0,4.8,Q2,2017
Geminia,514,10,NA,NA,NA,17,NA,NA,NA,507,0,0,3.2,Q2,2017
Saham,21,NA,NA,NA,NA,NA,NA,NA,NA,21,0,0,0,Q2,2017
Takaful Life,1,NA,NA,NA,NA,NA,NA,NA,NA,1,0,0,0,Q2,2017
Industry,17561,58011,NA,NA,4,50780,NA,32,504,24260,0.04,0.7,67.2,Q2,2017
GA Life,NA,572,NA,NA,NA,572,NA,NA,NA,NA,0,0,100,Q3,2017
Takaful Life,1,NA,NA,NA,NA,1,NA,NA,NA,NA,0,0,100,Q3,2017
ICEA Life,276,13397,NA,NA,NA,13396,NA,NA,NA,277,0,0,98,Q3,2017
Capex Life,32,330,NA,NA,NA,354,NA,NA,NA,8,0,0,97.8,Q3,2017
The Kenyan Alliance,75,1020,NA,NA,NA,1009,NA,NA,NA,86,0,0,92.1,Q3,2017
UAP Life,3383,1805,NA,NA,NA,4563,NA,NA,NA,625,0,0,88,Q3,2017
Kenindia,500,1677,NA,NA,NA,1750,NA,NA,25,403,0,1.1,80.3,Q3,2017
Jubilee,2537,7902,NA,NA,NA,8140,NA,6,52,2241,0.1,0.5,78,Q3,2017
ABSA Life,73,365,NA,NA,NA,339,NA,NA,NA,99,0,0,77.4,Q3,2017
Madison,735,4289,NA,NA,NA,3761,NA,NA,NA,1263,0,0,74.9,Q3,2017
Corporate,164,343,NA,NA,NA,371,NA,NA,NA,136,0,0,73.2,Q3,2017
Britam Life,4719,10056,NA,NA,NA,10280,NA,NA,NA,4495,0,0,69.6,Q3,2017
CIC Life,1073,1507,NA,NA,NA,1706,NA,15,5,854,0.6,0.2,66.1,Q3,2017
Sanlam Life,1365,4542,NA,NA,NA,3763,NA,16,393,1735,0.3,6.7,63.7,Q3,2017
First Assurance,22,14,NA,NA,NA,22,NA,NA,NA,14,0,0,61.1,Q3,2017
Pioneer,1424,5198,NA,NA,NA,3605,NA,NA,315,2700,NA,4.8,54.5,Q3,2017
Old Mutual,2366,1924,NA,NA,NA,1717,NA,NA,3,2570,0,0.1,40,Q3,2017
Prudential Life,2066,1379,NA,NA,NA,1342,NA,NA,NA,2102,0,0,39,Q3,2017
Liberty Life,669,308,NA,NA,NA,318,NA,NA,3,656,0,0.3,32.5,Q3,2017
Metropolitan Cannon,551,392,NA,NA,NA,300,NA,198,NA,445,21,0,31.8,Q3,2017
Kenya Orient,49,8,NA,NA,NA,17,NA,NA,NA,40,0,0,29.8,Q3,2017
The Monarch,39,14,NA,NA,NA,15,NA,NA,NA,38,0,0,28.3,Q3,2017
APA Life,862,256,NA,NA,NA,222,NA,NA,6,890,0,0.5,19.9,Q3,2017
Cannon Life,751,45,NA,NA,NA,32,NA,NA,159,605,0,20,4,Q3,2017
Geminia,507,13,NA,NA,NA,3,NA,NA,NA,518,0,0,0.6,Q3,2017
Saham,21,1,NA,NA,NA,NA,NA,NA,NA,22,0,0,0,Q3,2017
Industry,24260,57357,NA,NA,NA,57598,NA,235,961,22822,0.29,1.2,70.6,Q3,2017
GA Life,NA,423,NA,NA,NA,422,NA,NA,NA,1,0,0,99.8,Q4,2017
ICEA Life,277,13312,NA,NA,NA,13353,NA,NA,NA,236,0,0,98.3,Q4,2017
Capex Life,8,385,NA,NA,NA,383,NA,NA,NA,10,0,0,97.5,Q4,2017
Kenya Orient,40,11,NA,NA,NA,48,NA,NA,NA,3,0,0,94.1,Q4,2017
The Kenyan Alliance,86,999,NA,NA,NA,1006,NA,NA,NA,79,0,0,92.7,Q4,2017
ABSA Life,99,459,NA,NA,NA,507,NA,NA,NA,51,0,0,90.9,Q4,2017
Kenindia,403,1366,NA,NA,NA,1461,NA,NA,4,304,0,0.2,82.6,Q4,2017
Corporate,136,303,NA,NA,NA,353,NA,NA,NA,86,0,0,80.4,Q4,2017
Jubilee,2241,8171,NA,NA,NA,7936,NA,12,354,2110,0.1,3.4,76.2,Q4,2017
UAP Life,625,1769,NA,NA,NA,1778,NA,1,1,614,0,0,74.3,Q4,2017
Sanlam Life,1735,3274,NA,NA,NA,3677,NA,4,17,1311,0.1,0.3,73.4,Q4,2017
Madison,1263,4053,NA,NA,NA,3891,NA,NA,NA,1425,0,0,73.2,Q4,2017
Britam Life,4495,9988,NA,NA,NA,10000,NA,NA,NA,4483,0,0,69,Q4,2017
Pioneer,2700,5666,NA,NA,NA,4854,NA,40,NA,3472,0.5,0,58,Q4,2017
Metropolitan Cannon,445,769,NA,NA,NA,686,NA,NA,NA,528,0,0,56.5,Q4,2017
CIC Life,854,1081,NA,NA,8,951,NA,14,11,967,0.7,0.6,48.9,Q4,2017
First Assurance,14,37,NA,NA,NA,24,NA,NA,NA,27,0,0,47.1,Q4,2017
Old Mutual,2570,1670,NA,NA,NA,1532,NA,2,88,2618,0,2.1,36.1,Q4,2017
Liberty Life,656,403,NA,NA,NA,368,NA,NA,NA,691,0,0,34.7,Q4,2017
Prudential Life,2102,2821,NA,NA,NA,1073,NA,NA,NA,3850,0,0,21.8,Q4,2017
APA Life,890,200,NA,NA,NA,223,NA,NA,64,803,0,5.9,20.5,Q4,2017
The Monarch,38,5,NA,NA,NA,7,NA,NA,NA,36,0,0,16.3,Q4,2017
Saham,22,2,NA,NA,NA,2,NA,NA,NA,22,0,0,8.3,Q4,2017
Cannon Life,605,12,NA,NA,NA,21,NA,NA,4,592,0,0.6,3.4,Q4,2017
Geminia,515,9,NA,NA,NA,7,NA,NA,NA,517,0,0,1.3,Q4,2017
Takaful Life,NA,4,NA,NA,NA,NA,NA,NA,NA,4,0,0,0,Q4,2017
Industry,22819,57192,NA,NA,8,54563,NA,73,543,24840,0.1,0.7,68.2,Q4,2017
GA Life,1,432,NA,NA,NA,432,NA,NA,NA,1,NA,NA,99.8,Q1,2018
ICEA Life,234,13597,NA,NA,NA,13543,NA,NA,12,276,NA,0,97.9,Q1,2018
Capex Life,17,443,NA,NA,NA,448,NA,NA,NA,12,NA,NA,97.4,Q1,2018
Kenya Orient,3,17,NA,NA,NA,19,NA,NA,NA,1,NA,NA,95,Q1,2018
The Kenyan Alliance,79,1029,NA,NA,NA,1046,NA,NA,NA,62,NA,NA,94.4,Q1,2018
ABSA Life,51,687,NA,NA,NA,658,NA,NA,NA,80,NA,NA,89.2,Q1,2018
Kenindia,304,1494,NA,NA,NA,1425,NA,NA,39,334,NA,2,79.3,Q1,2018
Madison,1425,4184,NA,NA,NA,4282,NA,NA,NA,1327,NA,NA,76.3,Q1,2018
Jubilee,2110,8153,NA,NA,10,7840,NA,3,174,2256,0,2,76.3,Q1,2018
Britam Life,4483,11086,NA,NA,NA,11032,NA,NA,NA,4537,NA,NA,70.9,Q1,2018
CIC Life,967,1928,NA,NA,NA,1816,NA,10,5,1064,0,0,62.7,Q1,2018
Sanlam Life,1311,3292,NA,NA,NA,2817,NA,13,72,1701,0,2,61.2,Q1,2018
Pioneer,3472,6577,NA,NA,NA,5668,NA,96,1079,3206,1,11,56.4,Q1,2018
First Assurance,27,48,NA,NA,NA,42,NA,NA,NA,33,NA,NA,56,Q1,2018
Prudential Life,3850,975,NA,NA,NA,2699,NA,NA,NA,2126,NA,NA,55.9,Q1,2018
UAP Life,614,3358,NA,NA,NA,2215,NA,NA,NA,1757,NA,NA,55.8,Q1,2018
Corporate,86,580,NA,NA,NA,324,NA,NA,NA,342,NA,NA,48.6,Q1,2018
The Monarch,36,38,NA,NA,NA,31,NA,NA,NA,43,NA,NA,41.9,Q1,2018
Old Mutual,2618,1561,NA,NA,NA,1510,NA,NA,23,2646,NA,1,36.1,Q1,2018
Metropolitan Cannon,1120,503,NA,NA,NA,453,NA,36,3,1131,2,0,27.9,Q1,2018
APA Life,803,215,NA,NA,NA,238,NA,NA,15,765,NA,1,23.4,Q1,2018
Liberty Life,691,601,NA,NA,9312,1451,NA,NA,NA,9153,NA,NA,13.7,Q1,2018
Saham,22,3,NA,NA,NA,1,NA,NA,NA,24,NA,NA,4,Q1,2018
Geminia,517,13,NA,NA,NA,8,NA,NA,NA,522,NA,NA,1.5,Q1,2018
Takaful Life,4,NA,NA,NA,NA,NA,NA,NA,NA,4,NA,NA,0,Q1,2018
Industry,24845,60814,NA,NA,9322,59998,NA,158,1422,33403,0.2,1.5,63.2,Q1,2018
GA Life,1,772,NA,NA,NA,772,NA,NA,NA,1,NA,NA,99.9,Q2,2018
Capex Life,12,573,NA,NA,NA,577,NA,NA,NA,8,NA,NA,98.6,Q2,2018
ICEA Life,276,10587,NA,NA,NA,10154,NA,NA,NA,709,NA,NA,93.5,Q2,2018
The Kenyan Alliance,62,1008,NA,NA,NA,960,NA,NA,NA,110,NA,NA,89.7,Q2,2018
ABSA Life,80,605,NA,NA,NA,602,NA,NA,NA,83,NA,NA,87.9,Q2,2018
Kenindia,334,1387,NA,NA,NA,1350,NA,NA,16,355,NA,0.9,78.4,Q2,2018
Jubilee,2256,8400,NA,NA,7,8337,NA,17,457,1852,0.2,4.3,78.2,Q2,2018
Britam Life,4537,11787,NA,NA,NA,11892,NA,NA,NA,4432,NA,NA,72.8,Q2,2018
Sanlam Life,1701,5394,NA,NA,NA,5139,NA,4,8,1944,0.1,0.1,72.4,Q2,2018
Madison,1327,4908,NA,NA,NA,4356,NA,NA,NA,1879,NA,NA,69.9,Q2,2018
Pioneer,3206,6020,NA,NA,NA,5368,NA,251,NA,3607,2.7,NA,58.2,Q2,2018
CIC Life,1064,1264,NA,NA,140,1426,NA,7,3,1032,0.3,0.1,57.8,Q2,2018
Kenya Orient,1,40,NA,NA,NA,23,NA,2,NA,16,4.9,NA,56.1,Q2,2018
Metropolitan Cannon,1131,1115,NA,NA,NA,1221,NA,NA,NA,1025,NA,NA,54.4,Q2,2018
Prudential Life,2126,1687,NA,NA,NA,2046,NA,NA,NA,1767,NA,NA,53.7,Q2,2018
Corporate,342,549,NA,NA,NA,469,NA,NA,NA,422,NA,NA,52.6,Q2,2018
UAP Life,1757,1761,NA,NA,NA,1762,NA,NA,NA,1756,NA,NA,50.1,Q2,2018
First Assurance,33,32,NA,NA,NA,31,NA,NA,1,33,NA,1.5,47.7,Q2,2018
The Monarch,42,30,NA,NA,NA,34,NA,NA,NA,38,NA,NA,47.2,Q2,2018
Old Mutual,2646,1672,NA,NA,NA,1599,NA,NA,177,2542,NA,4.1,37,Q2,2018
APA Life,765,330,NA,NA,NA,282,NA,7,20,786,0.6,1.8,25.8,Q2,2018
Liberty Life,9353,2004,NA,NA,NA,2633,NA,1,NA,8723,0,NA,23.2,Q2,2018
Saham,24,2,NA,NA,NA,NA,NA,NA,NA,26,NA,NA,NA,Q2,2018
Takaful Life,4,NA,NA,NA,NA,NA,NA,NA,NA,4,NA,NA,NA,Q2,2018
Geminia,NA,NA,NA,NA,NA,NA,NA,NA,NA,NA,NA,NA,NA,Q2,2018
Industry,33080,61927,NA,NA,147,61033,NA,289,682,33150,0.3,0.7,64.1,Q2,2018
APA Life,786,371,NA,NA,NA,371,NA,1,318,467,0.1,27.5,32.1,Q3,2018
ABSA Life,83,779,NA,NA,NA,713,NA,NA,NA,149,NA,NA,82.7,Q3,2018
Britam Life,4432,12085,NA,NA,NA,12444,NA,NA,NA,4073,NA,NA,75.3,Q3,2018
Capex Life,7,489,NA,NA,NA,463,NA,NA,NA,33,NA,NA,93.3,Q3,2018
CIC Life,1032,1651,NA,NA,261,1459,NA,11,3,1210,0.4,0.1,54.4,Q3,2018
Corporate,422,563,NA,NA,NA,497,NA,NA,NA,488,NA,NA,50.5,Q3,2018
First Assurance,33,40,NA,NA,NA,33,NA,NA,NA,40,NA,NA,45.2,Q3,2018
GA Life,1,1100,NA,NA,NA,1100,NA,NA,NA,1,NA,NA,99.9,Q3,2018
Geminia,535,25,NA,NA,NA,19,NA,NA,NA,541,NA,NA,3.4,Q3,2018
ICEA Life,709,14287,NA,NA,NA,13873,NA,NA,NA,1123,NA,NA,92.5,Q3,2018
Jubilee,1852,8430,NA,NA,66,8335,NA,81,62,1804,0.8,0.6,81.1,Q3,2018
Kenindia,355,1465,NA,NA,NA,1500,NA,NA,16,304,NA,0.9,82.4,Q3,2018
Kenya Orient,16,36,NA,NA,NA,46,NA,1,NA,5,1.9,NA,88.5,Q3,2018
Liberty Life,8723,2476,NA,NA,NA,2660,NA,4,3,8532,0,0,23.8,Q3,2018
Madison,1879,4957,NA,NA,NA,4975,NA,NA,NA,1861,NA,NA,72.8,Q3,2018
Metropolitan Cannon,1025,2645,NA,NA,NA,2246,NA,NA,NA,1424,NA,NA,61.2,Q3,2018
Old Mutual,2542,1699,NA,NA,NA,1389,NA,1,108,2743,0,2.5,32.8,Q3,2018
Pioneer,3607,6652,NA,NA,NA,5928,NA,NA,49,4282,NA,0.5,57.8,Q3,2018
Prudential Life,1768,2351,NA,NA,NA,1679,NA,NA,NA,2440,NA,NA,40.8,Q3,2018
Saham,26,NA,NA,NA,NA,NA,NA,NA,NA,26,NA,NA,NA,Q3,2018
Sanlam Life,1944,6608,NA,NA,NA,5981,NA,51,205,2315,0.6,2.4,69.9,Q3,2018
Takaful Life,1,NA,NA,NA,NA,1,NA,NA,NA,NA,NA,NA,100,Q3,2018
The Kenyan Alliance,110,1031,NA,NA,NA,1038,NA,NA,NA,103,NA,NA,91,Q3,2018
The Monarch,38,55,NA,NA,NA,44,NA,NA,NA,49,NA,NA,47.3,Q3,2018
UAP Life,1756,1368,NA,NA,NA,1300,NA,2,1627,195,0.1,52.1,41.6,Q3,2018
Industry,33682,71163,NA,NA,327,68094,NA,152,2391,34208,0.1,2.3,64.9,Q3,2018
APA Life,467,470,NA,NA,NA,476,NA,NA,16,445,NA,1.7,50.8,Q4,2018
ABSA Life,149,749,NA,NA,NA,728,NA,NA,NA,170,NA,NA,81.1,Q4,2018
Britam Life,4073,10879,NA,NA,NA,12026,NA,NA,2,2924,NA,0,80.4,Q4,2018
Capex Life,33,481,NA,NA,NA,479,NA,NA,NA,34,NA,NA,93.4,Q4,2018
CIC Life,1210,1591,NA,NA,209,1615,NA,13,NA,1173,0.5,NA,57.7,Q4,2018
Corporate,488,456,NA,NA,NA,678,NA,NA,NA,266,NA,NA,71.8,Q4,2018
First Assurance,40,58,NA,NA,NA,30,NA,NA,NA,68,NA,NA,30.6,Q4,2018
GA Life,1,778,NA,NA,NA,778,NA,NA,NA,1,NA,NA,99.9,Q4,2018
Geminia,541,26,NA,NA,NA,27,NA,NA,NA,540,NA,NA,4.8,Q4,2018
ICEA Life,1123,14950,NA,NA,NA,15455,NA,NA,NA,618,NA,NA,96.2,Q4,2018
Jubilee,1804,8440,NA,NA,NA,8298,NA,19,5,1922,0.2,0,81,Q4,2018
Kenindia,304,3214,NA,NA,1,3116,NA,NA,NA,402,NA,NA,88.6,Q4,2018
Kenya Orient,5,29,NA,NA,NA,13,NA,NA,NA,21,NA,NA,38.2,Q4,2018
Liberty Life,8532,2656,NA,NA,NA,3133,NA,7,NA,8048,0.1,NA,28,Q4,2018
Madison,1861,5527,NA,NA,NA,5708,NA,NA,85,1595,NA,1.2,77.3,Q4,2018
Metropolitan Cannon,1424,519,NA,NA,NA,1190,NA,NA,NA,753,NA,NA,61.2,Q4,2018
Old Mutual,2743,1710,NA,NA,NA,2048,NA,NA,12,2393,NA,0.3,46,Q4,2018
Pioneer,4282,6219,NA,NA,NA,4439,NA,NA,NA,6062,NA,NA,42.3,Q4,2018
Prudential Life,2440,2462,NA,NA,NA,3290,NA,NA,NA,1612,NA,NA,67.1,Q4,2018
Saham,26,4,NA,NA,NA,1,NA,NA,NA,29,NA,NA,3.3,Q4,2018
Sanlam Life,2315,3802,NA,NA,NA,4338,NA,9,48,1707,0.1,0.8,71.1,Q4,2018
Takaful Life,1,NA,NA,NA,NA,2,NA,NA,NA,NA,NA,NA,100,Q4,2018
The Kenyan Alliance,103,982,NA,NA,NA,989,NA,NA,NA,96,NA,NA,91.2,Q4,2018
The Monarch,49,38,NA,NA,NA,45,NA,NA,NA,42,NA,NA,51.7,Q4,2018
UAP Life,195,1613,NA,NA,NA,1564,NA,2,NA,224,0.1,NA,87.4,Q4,2018
Industry,34209,67653,NA,NA,210,70466,NA,50,168,31145,0.05,0.2,69.2,Q4,2018
APA Life,445,696,NA,NA,NA,692,NA,NA,31,418,NA,2.7,60.6,Q1,2019
ABSA Life,171,888,NA,NA,NA,858,NA,NA,1,200,NA,0.1,81,Q1,2019
Britam Life,2924,14021,NA,NA,NA,13568,NA,NA,90,3287,NA,0.5,80.1,Q1,2019
Capex Life,34,470,NA,NA,NA,491,NA,NA,NA,13,NA,NA,97.4,Q1,2019
CIC Life,1173,1852,NA,NA,334,1672,NA,9,NA,1344,0.3,NA,55.3,Q1,2019
Corporate,266,657,NA,NA,NA,624,NA,NA,NA,420,NA,NA,59.8,Q1,2019
First Assurance,68,53,NA,NA,NA,57,NA,NA,NA,64,NA,NA,47.1,Q1,2019
GA Life,1,399,NA,NA,NA,400,NA,NA,NA,NA,NA,NA,100,Q1,2019
Geminia,540,48,NA,NA,NA,26,NA,NA,NA,562,NA,NA,4.4,Q1,2019
ICEA Life,618,14362,NA,NA,NA,14449,NA,NA,NA,574,NA,NA,96.2,Q1,2019
Jubilee,1922,8425,NA,NA,19,8325,NA,4,5,2017,0,0,80.4,Q1,2019
Kenindia,402,1609,NA,NA,1,1589,NA,NA,NA,422,NA,NA,79,Q1,2019
Kenya Orient,21,34,NA,NA,NA,29,NA,NA,NA,26,NA,NA,52.7,Q1,2019
Liberty Life,8048,2129,NA,NA,NA,2652,NA,16,NA,7509,0.2,NA,26.1,Q1,2019
Madison,1595,5489,NA,NA,NA,5557,NA,NA,1,1526,NA,0,78.4,Q1,2019
Metropolitan Cannon,753,571,NA,NA,NA,1119,NA,NA,NA,205,NA,NA,84.5,Q1,2019
Old Mutual,2393,1371,NA,NA,NA,2004,NA,NA,103,1657,NA,2.7,53.2,Q1,2019
Pioneer,6062,4920,NA,NA,NA,5955,NA,1,NA,5026,0,NA,54.2,Q1,2019
Prudential Life,1612,846,NA,NA,NA,1458,NA,NA,NA,989,NA,NA,59.6,Q1,2019
Saham,29,NA,NA,NA,NA,NA,NA,NA,NA,29,NA,NA,NA,Q1,2019
Sanlam Life,1707,3396,NA,NA,NA,3503,NA,21,23,1336,0.4,0.5,71.7,Q1,2019
Takaful Life,NA,4,NA,NA,NA,NA,NA,NA,NA,3,NA,NA,NA,Q1,2019
The Kenyan Alliance,97,1032,NA,NA,4,1044,NA,1,3,81,0.1,0.3,92.5,Q1,2019
The Monarch,42,72,NA,NA,NA,69,NA,NA,NA,45,NA,NA,60.5,Q1,2019
UAP Life,224,1965,NA,NA,NA,1961,NA,NA,NA,228,NA,NA,89.6,Q1,2019
Industry,31147,65309,NA,NA,358,68102,NA,52,257,27981,0.05,0.3,70.7,Q1,2019
APA Life,418,1081,NA,NA,NA,1041,NA,6,24,428,0.4,1.6,69.4,Q2,2019
ABSA Life,200,848,NA,NA,NA,868,NA,NA,NA,180,NA,NA,82.8,Q2,2019
Britam Life,3287,13641,NA,NA,NA,14015,NA,NA,NA,2913,NA,NA,82.8,Q2,2019
Capex Life,13,546,NA,NA,1,556,NA,NA,NA,3,NA,NA,99.5,Q2,2019
CIC Life,1344,1618,NA,NA,260,1359,NA,9,NA,1595,0.3,NA,45.9,Q2,2019
Corporate,420,447,NA,NA,NA,624,NA,NA,NA,366,NA,NA,63,Q2,2019
First Assurance,64,53,NA,NA,NA,34,NA,NA,NA,83,NA,NA,29.1,Q2,2019
GA Life,NA,2148,NA,NA,NA,2145,NA,NA,NA,3,NA,NA,99.9,Q2,2019
Geminia,562,22,NA,NA,NA,29,NA,NA,NA,555,NA,NA,5,Q2,2019
ICEA Life,574,14843,NA,NA,NA,14799,NA,NA,NA,618,NA,NA,96,Q2,2019
Jubilee,2017,10601,NA,NA,40,10463,NA,14,45,2096,0.1,0.4,82.9,Q2,2019
Kenindia,422,1878,NA,NA,NA,1922,NA,NA,NA,378,NA,NA,83.6,Q2,2019
Kenya Orient,26,26,NA,NA,NA,33,NA,NA,NA,19,NA,NA,63.5,Q2,2019
Liberty Life,7509,2436,NA,NA,NA,3002,NA,117,NA,6826,1.2,NA,30.2,Q2,2019
Madison,1526,5530,NA,NA,NA,5151,NA,NA,NA,1905,NA,NA,73,Q2,2019
Metropolitan Cannon,205,400,NA,NA,NA,431,NA,NA,NA,174,NA,NA,71.2,Q2,2019
Old Mutual,1657,1600,NA,NA,NA,1771,NA,NA,14,1472,NA,0.4,54.4,Q2,2019
Pioneer,5026,4421,NA,NA,NA,4683,NA,NA,NA,4764,NA,NA,49.6,Q2,2019
Prudential Life,989,954,NA,NA,NA,1009,NA,NA,NA,934,NA,NA,51.9,Q2,2019
Saham,29,2,NA,NA,NA,2,NA,NA,NA,29,NA,NA,6.5,Q2,2019
Sanlam Life,1336,3998,NA,NA,NA,3992,NA,21,37,1284,0.4,0.7,74.8,Q2,2019
Takaful Life,NA,NA,NA,NA,NA,NA,NA,NA,NA,3,NA,NA,NA,Q2,2019
The Kenyan Alliance,81,1066,NA,NA,NA,1064,NA,NA,NA,83,NA,NA,92.8,Q2,2019
The Monarch,45,43,NA,NA,NA,44,NA,NA,NA,34,NA,NA,56.4,Q2,2019
UAP Life,228,1612,NA,NA,NA,1627,NA,NA,NA,213,NA,NA,88.4,Q2,2019
Industry,27978,69814,NA,NA,301,70664,NA,167,120,26958,0.17,0.1,72.2,Q2,2019
APA Life,428,1065,NA,NA,NA,1045,NA,6,27,415,0.4,1.8,70,Q3,2019
ABSA Life,263,909,NA,NA,NA,857,NA,NA,NA,315,NA,NA,73.1,Q3,2019
Britam Life,2913,16040,NA,NA,NA,14873,NA,5,41,4034,0,0.2,78.5,Q3,2019
Capex Life,3,601,NA,NA,NA,581,NA,NA,NA,31,NA,NA,94.9,Q3,2019
CIC Life,1595,1918,NA,NA,151,2047,NA,19,1,1446,0.5,0,58.3,Q3,2019
Corporate,366,636,NA,NA,NA,624,NA,NA,NA,634,NA,NA,49.6,Q3,2019
First Assurance,NA,NA,NA,NA,NA,NA,NA,NA,NA,NA,NA,NA,NA,Q3,2019
GA Life,3,1396,NA,NA,NA,1396,NA,NA,NA,3,NA,NA,99.8,Q3,2019
Geminia,555,31,NA,NA,NA,21,NA,NA,NA,565,NA,NA,3.6,Q3,2019
ICEA Life,618,16523,NA,NA,NA,15802,NA,NA,NA,1339,NA,NA,92.2,Q3,2019
Jubilee,2096,9320,NA,NA,68,9549,NA,16,16,1835,0.1,0.1,83.6,Q3,2019
Kenindia,378,1587,NA,NA,NA,1536,NA,NA,6,423,NA,0.3,78.2,Q3,2019
Kenya Orient,19,29,NA,NA,NA,48,NA,NA,NA,NA,NA,NA,100,Q3,2019
Liberty Life,6826,2620,NA,NA,NA,5852,NA,21,NA,3573,0.2,NA,62,Q3,2019
Madison,1905,5829,NA,NA,NA,5648,NA,NA,NA,2106,NA,NA,72.8,Q3,2019
Metropolitan Cannon,174,1404,NA,NA,NA,836,NA,NA,NA,742,NA,NA,53,Q3,2019
Old Mutual,1472,1618,NA,NA,NA,1650,NA,1,26,1413,0,0.8,53.4,Q3,2019
Pioneer,4764,5975,NA,NA,NA,5481,NA,NA,NA,5258,NA,NA,51,Q3,2019
Prudential Life,934,988,NA,NA,NA,975,NA,NA,NA,947,NA,NA,50.7,Q3,2019
Saham,29,137,NA,NA,NA,134,NA,NA,NA,32,NA,NA,80.7,Q3,2019
Sanlam Life,1284,3839,NA,NA,NA,3591,NA,27,NA,1505,0.5,NA,70.1,Q3,2019
Takaful Life,3,NA,NA,NA,NA,NA,NA,NA,NA,3,NA,NA,NA,Q3,2019
The Kenyan Alliance,83,892,NA,NA,NA,891,NA,2,1,81,0.2,0.1,91.4,Q3,2019
The Monarch,34,87,NA,NA,NA,82,NA,NA,NA,33,NA,NA,71.3,Q3,2019
UAP Life,213,2050,NA,NA,NA,1963,NA,NA,NA,300,NA,NA,86.7,Q3,2019
Industry,26958,75494,NA,NA,219,75482,NA,97,118,27033,0.09,0.1,73.5,Q3,2019
APA Life,415,962,NA,NA,NA,988,NA,NA,16,373,NA,1.2,71.8,Q4,2019
ABSA Life,315,909,NA,NA,NA,834,NA,NA,NA,390,NA,NA,68.1,Q4,2019
Britam Life,4034,15815,NA,NA,NA,16132,NA,NA,NA,3717,NA,NA,81.3,Q4,2019
Capex Life,31,575,NA,NA,NA,530,NA,NA,NA,76,NA,NA,87.5,Q4,2019
CIC Life,1446,2173,NA,NA,223,1831,NA,15,2,1771,0.4,0.1,50.6,Q4,2019
Corporate,634,664,NA,NA,NA,624,NA,NA,NA,375,NA,NA,62.5,Q4,2019
First Assurance,NA,NA,NA,NA,NA,NA,NA,NA,NA,NA,NA,NA,NA,Q4,2019
GA Life,3,583,NA,NA,NA,585,NA,NA,NA,1,NA,NA,99.8,Q4,2019
Geminia,565,417,NA,NA,NA,174,NA,NA,NA,808,NA,NA,17.7,Q4,2019
ICEA Life,1339,14436,NA,NA,NA,14062,NA,NA,NA,1713,NA,NA,89.1,Q4,2019
Jubilee,1835,10361,NA,NA,51,10189,NA,NA,13,1994,NA,0.1,83.5,Q4,2019
Kenindia,423,1976,NA,NA,NA,1968,NA,NA,25,406,NA,1,82,Q4,2019
Kenya Orient,NA,24,NA,NA,NA,13,NA,1,NA,10,4.2,NA,54.2,Q4,2019
Liberty Life,3573,2542,NA,NA,NA,4339,NA,15,NA,1761,0.2,NA,71,Q4,2019
Madison,2106,6245,NA,NA,NA,6248,NA,NA,NA,2103,NA,NA,74.8,Q4,2019
Metropolitan Cannon,742,387,NA,NA,NA,442,NA,NA,NA,687,NA,NA,39.1,Q4,2019
Old Mutual,1413,1856,NA,NA,NA,1928,NA,NA,8,1333,NA,0.2,59,Q4,2019
Pioneer,5258,4851,NA,NA,NA,5040,NA,NA,NA,5069,NA,NA,49.9,Q4,2019
Prudential Life,947,993,NA,NA,NA,1167,NA,NA,NA,773,NA,NA,60.2,Q4,2019
Saham,32,139,NA,NA,NA,144,NA,NA,NA,27,NA,NA,84.2,Q4,2019
Sanlam Life,1505,3890,NA,NA,NA,3744,NA,130,165,1356,2.4,3.1,69.4,Q4,2019
Takaful Life,3,NA,NA,NA,NA,NA,NA,NA,NA,3,NA,NA,NA,Q4,2019
The Kenyan Alliance,81,1088,NA,NA,6,1095,NA,1,1,72,0.1,0.1,93.7,Q4,2019
The Monarch,33,84,NA,NA,NA,93,NA,NA,NA,24,NA,NA,79.5,Q4,2019
UAP Life,300,1706,NA,NA,NA,1772,NA,NA,NA,234,NA,NA,88.3,Q4,2019
Industry,27033,72676,NA,NA,280,73942,NA,162,230,25076,0.16,0.2,74.4,Q4,2019
ABSA Life,390,951,NA,NA,NA,880,NA,NA,NA,461,NA,NA,65.6,Q1,2020
APA Life,373,984,NA,NA,NA,878,NA,6,26,447,0.4,1.9,64.7,Q1,2020
Britam Life,3717,19981,NA,NA,NA,19915,NA,1040,NA,2743,4.4,NA,84,Q1,2020
Capex Life,76,617,NA,NA,NA,690,NA,NA,NA,3,NA,NA,99.6,Q1,2020
CIC Life,1771,1988,NA,NA,NA,2000,NA,18,NA,1741,0.5,NA,53.2,Q1,2020
Corporate,375,640,NA,NA,NA,624,NA,NA,NA,487,NA,NA,56.2,Q1,2020
GA Life,1,454,NA,NA,NA,454,NA,NA,NA,1,NA,NA,99.8,Q1,2020
Geminia,808,42,NA,NA,NA,401,NA,NA,NA,449,NA,NA,47.2,Q1,2020
ICEA Life,1713,14189,NA,NA,NA,13927,NA,1,NA,1974,0,NA,87.6,Q1,2020
Jubilee,1994,7838,NA,NA,25,7663,NA,NA,5,2164,NA,0.1,77.9,Q1,2020
Kenindia,406,1669,NA,NA,NA,1691,NA,NA,17,367,NA,0.8,81.5,Q1,2020
Kenya Orient,10,32,NA,NA,NA,32,NA,1,3,6,2.4,7.1,76.2,Q1,2020
KUSCCO Mutual,101,709,NA,NA,NA,557,NA,NA,NA,253,NA,NA,68.8,Q1,2020
Liberty Life,1761,1218,NA,NA,NA,1372,NA,8,NA,1599,0.3,NA,46.1,Q1,2020
Madison,2103,6399,NA,NA,NA,6469,NA,NA,NA,2033,NA,NA,76.1,Q1,2020
Metropolitan Cannon,687,432,NA,NA,NA,174,NA,NA,NA,945,NA,NA,15.5,Q1,2020
Old Mutual,1333,1714,NA,NA,NA,1345,NA,NA,19,1683,NA,0.6,44.1,Q1,2020
Pioneer,5069,5737,NA,NA,NA,4289,NA,NA,NA,6517,NA,NA,39.7,Q1,2020
Prudential Life,773,639,NA,NA,NA,781,NA,NA,NA,631,NA,NA,55.3,Q1,2020
Saham,27,113,NA,NA,NA,113,NA,NA,NA,26,NA,NA,81.3,Q1,2020
Sanlam Life,1356,3693,NA,NA,NA,3335,NA,27,11,1676,0.5,0.2,66.1,Q1,2020
Takaful Life,NA,NA,NA,NA,NA,NA,NA,NA,NA,3,NA,NA,NA,Q1,2020
The Kenyan Alliance,72,1135,NA,NA,1,1129,NA,1,NA,77,0.1,NA,93.5,Q1,2020
The Monarch,24,82,NA,NA,NA,64,NA,NA,NA,42,NA,NA,60.4,Q1,2020
UAP Life,234,1632,NA,NA,NA,1563,NA,NA,NA,303,NA,NA,83.8,Q1,2020
Industry,24784,71937,NA,NA,26,69466,NA,1102,81,26170,1.14,0.1,71.7,Q1,2020
ABSA Life,461,791,NA,NA,2,832,NA,NA,1,419,NA,0.1,66.5,Q2,2020
APA Life,447,484,NA,NA,NA,397,NA,10,21,503,1.1,2.3,42.6,Q2,2020
Britam Life,2743,19257,NA,NA,NA,19134,NA,NA,NA,2866,NA,NA,87,Q2,2020
Capex Life,3,702,NA,NA,NA,690,NA,NA,NA,15,NA,NA,97.9,Q2,2020
CIC Life,1741,1553,NA,NA,-103,1406,NA,5,NA,1883,0.2,NA,42.7,Q2,2020
Corporate,487,639,NA,NA,NA,624,NA,NA,NA,799,NA,NA,43.9,Q2,2020
GA Life,1,2446,NA,NA,NA,2443,NA,NA,NA,4,NA,NA,99.8,Q2,2020
Geminia,449,34,NA,NA,NA,75,NA,NA,NA,408,NA,NA,15.5,Q2,2020
ICEA Life,1974,14106,NA,NA,NA,13691,NA,NA,NA,2389,NA,NA,85.1,Q2,2020
Jubilee,2164,9173,NA,NA,7,9097,NA,6,2,2232,0.1,0,80.2,Q2,2020
Kenindia,367,1702,NA,NA,1,1712,NA,NA,NA,357,NA,NA,82.7,Q2,2020
Kenya Orient,6,41,NA,NA,NA,23,NA,1,2,21,2.1,4.3,48.9,Q2,2020
KUSCCO Mutual,253,762,NA,NA,NA,515,NA,NA,NA,500,NA,NA,50.7,Q2,2020
Liberty Life,1599,2032,NA,NA,NA,2158,NA,16,NA,1457,0.4,NA,59.4,Q2,2020
Madison,2033,7237,NA,NA,NA,6736,NA,93,NA,2441,1,NA,72.7,Q2,2020
Metropolitan Cannon,945,149,NA,NA,NA,130,NA,NA,NA,964,NA,NA,11.9,Q2,2020
Old Mutual,1683,1804,NA,NA,NA,1763,NA,NA,25,1699,NA,0.7,50.6,Q2,2020
Pioneer,6517,4640,NA,NA,NA,3304,NA,NA,NA,7853,NA,NA,29.6,Q2,2020
Prudential Life,631,872,NA,NA,NA,834,NA,NA,NA,669,NA,NA,55.5,Q2,2020
Saham,26,116,NA,NA,NA,117,NA,NA,NA,25,NA,NA,82.4,Q2,2020
Sanlam Life,1676,3661,NA,NA,NA,3474,NA,17,41,1805,0.3,0.8,65.1,Q2,2020
Takaful Life,3,NA,NA,NA,NA,NA,NA,NA,NA,3,NA,NA,NA,Q2,2020
The Kenyan Alliance,77,1063,NA,NA,NA,1052,NA,NA,NA,88,NA,NA,92.3,Q2,2020
The Monarch,42,81,NA,NA,NA,86,NA,NA,NA,37,NA,NA,69.9,Q2,2020
UAP Life,303,1915,NA,NA,NA,1963,NA,NA,29,226,NA,1.3,88.5,Q2,2020
Industry,26631,75260,NA,NA,-93,72256,NA,148,121,29663,0.14,0.1,70.7,Q2,2020
ABSA Life,419,NA,1185,2,NA,1178,NA,NA,NA,426,NA,NA,73.4,Q3,2020
APA Life,503,NA,407,NA,NA,369,NA,17,21,503,1.9,2.3,40.5,Q3,2020
Britam Life,2866,NA,22188,NA,NA,21997,NA,19,NA,3038,0.1,NA,87.8,Q3,2020
Capex Life,15,NA,702,1,NA,712,NA,NA,NA,9,NA,NA,98.8,Q3,2020
CIC Life,1883,NA,2273,342,NA,1949,NA,2,NA,2205,0,NA,46.9,Q3,2020
Corporate,799,NA,387,NA,NA,624,NA,NA,NA,775,NA,NA,44.6,Q3,2020
GA Life,4,NA,1928,NA,NA,1932,NA,NA,NA,NA,NA,NA,100,Q3,2020
Geminia,408,NA,71,NA,NA,78,NA,NA,NA,401,NA,NA,16.3,Q3,2020
ICEA Life,2389,NA,14279,NA,NA,14307,NA,1,NA,2360,0,NA,85.8,Q3,2020
Jubilee,2232,NA,11000,14,NA,10948,NA,2,3,2279,0,0,82.7,Q3,2020
Kenindia,357,NA,1485,1,NA,1420,NA,NA,NA,422,NA,NA,77.1,Q3,2020
Kenya Orient,21,NA,42,NA,NA,32,NA,NA,6,25,NA,9.5,50.8,Q3,2020
KUSCCO Mutual,500,NA,511,NA,NA,591,NA,NA,NA,420,NA,NA,58.5,Q3,2020
Liberty Life,1457,NA,1563,NA,NA,2134,NA,19,21,846,0.6,0.7,70.7,Q3,2020
Madison,2441,NA,7578,NA,NA,7536,NA,NA,NA,2483,NA,NA,75.2,Q3,2020
Metropolitan Cannon,964,NA,289,NA,NA,393,NA,NA,NA,860,NA,NA,31.4,Q3,2020
Old Mutual,1699,NA,2062,1,NA,1827,NA,1,32,1901,0,0.9,48.6,Q3,2020
Pioneer,7853,NA,5856,NA,NA,4709,NA,NA,NA,9000,NA,NA,34.3,Q3,2020
Prudential Life,669,NA,831,NA,NA,820,NA,NA,NA,680,NA,NA,54.7,Q3,2020
Saham,25,NA,115,NA,NA,113,NA,NA,NA,27,NA,NA,80.7,Q3,2020
Sanlam Life,1805,NA,3894,NA,NA,4029,NA,59,1,1610,1,0,70.7,Q3,2020
Takaful Life,3,NA,NA,NA,NA,NA,NA,NA,NA,3,NA,NA,NA,Q3,2020
The Kenyan Alliance,88,NA,1160,3,NA,1170,NA,NA,NA,78,NA,NA,93.8,Q3,2020
The Monarch,37,NA,142,NA,NA,110,NA,NA,NA,69,NA,NA,61.5,Q3,2020
UAP Life,226,NA,1876,NA,NA,1747,NA,NA,NA,355,NA,NA,83.1,Q3,2020
Industry,29663,NA,81824,364,NA,80725,NA,120,84,30775,0.11,0.1,72.3,Q3,2020
ABSA Life,426,NA,1558,2,NA,1645,NA,NA,NA,339,NA,NA,82.9,Q4,2020
APA Life,503,NA,404,NA,NA,327,NA,13,222,345,1.4,24.5,36.1,Q4,2020
Britam Life,3038,NA,21531,NA,NA,21537,NA,NA,25,3007,NA,0.1,87.7,Q4,2020
Capex Life,9,NA,506,NA,NA,498,NA,NA,NA,17,NA,NA,96.7,Q4,2020
CIC Life,2205,NA,2353,512,NA,2173,NA,7,NA,2378,0.2,NA,47.7,Q4,2020
Corporate,775,NA,236,NA,NA,624,NA,NA,NA,443,NA,NA,58.5,Q4,2020
GA Life,NA,NA,927,NA,NA,924,NA,1,NA,2,0.1,NA,99.7,Q4,2020
Geminia,401,NA,81,NA,NA,98,NA,NA,NA,384,NA,NA,20.3,Q4,2020
ICEA Life,2360,NA,15931,NA,NA,15725,NA,NA,NA,2566,NA,NA,86,Q4,2020
Jubilee,2279,NA,11993,21,NA,11900,NA,2,25,2345,0,0.2,83.4,Q4,2020
Kenindia,422,NA,1286,NA,NA,1424,NA,NA,1,283,NA,0.1,83.4,Q4,2020
Kenya Orient,25,NA,32,NA,NA,33,NA,5,NA,20,8.6,NA,56.9,Q4,2020
KUSCCO Mutual,420,NA,404,NA,NA,473,NA,NA,NA,351,NA,NA,57.4,Q4,2020
Liberty Life,846,NA,1749,NA,NA,1740,NA,31,NA,824,1.2,NA,67.1,Q4,2020
Madison,2483,NA,7698,NA,NA,7467,NA,NA,NA,2714,NA,NA,73.3,Q4,2020
Metropolitan Cannon,860,NA,390,NA,NA,538,NA,NA,NA,712,NA,NA,43,Q4,2020
Old Mutual,1901,NA,2122,NA,NA,1909,NA,NA,1,2113,NA,0,47.5,Q4,2020
Pioneer,9000,NA,4644,NA,NA,5142,NA,NA,NA,8502,NA,NA,37.7,Q4,2020
Prudential Life,680,NA,905,NA,NA,985,NA,NA,NA,600,NA,NA,62.1,Q4,2020
Saham,27,NA,102,NA,NA,102,NA,NA,NA,27,NA,NA,79.1,Q4,2020
Sanlam Life,1610,NA,4286,NA,NA,4214,NA,175,2,1505,3,0,71.5,Q4,2020
Takaful Life,3,NA,NA,NA,NA,NA,NA,NA,NA,3,NA,NA,NA,Q4,2020
The Kenyan Alliance,85,NA,1256,4,NA,1246,NA,NA,NA,95,NA,NA,92.9,Q4,2020
The Monarch,69,NA,95,NA,NA,92,NA,NA,NA,72,NA,NA,56.1,Q4,2020
UAP Life,355,NA,1994,NA,NA,2030,NA,NA,1,318,NA,0,86.4,Q4,2020
Industry,30782,NA,82483,539,NA,82846,NA,234,277,29965,0.21,0.2,73.1,Q4,2020
ABSA Life,339,NA,1801,1,NA,1741,NA,NA,NA,399,NA,NA,81.4,Q1,2021
APA Life,345,NA,1449,NA,NA,1363,NA,32,7,392,1.8,0.4,76,Q1,2021
Britam Life,3007,NA,22468,NA,NA,22773,NA,NA,NA,2702,NA,NA,89.4,Q1,2021
Capex Life,17,NA,781,NA,NA,793,NA,NA,NA,5,NA,NA,99.4,Q1,2021
CIC Life,2378,NA,2709,648,NA,2772,NA,5,NA,2310,0.1,NA,54.5,Q1,2021
Corporate,443,NA,253,NA,NA,513,NA,NA,NA,422,NA,NA,54.9,Q1,2021
GA Life,2,NA,526,NA,NA,528,NA,NA,NA,NA,NA,NA,100,Q1,2021
Geminia,384,NA,-189,479,NA,34,NA,NA,NA,161,NA,NA,17.4,Q1,2021
ICEA Life,2566,NA,16430,NA,NA,16317,NA,2,NA,2677,0,NA,85.9,Q1,2021
Jubilee,2345,NA,10625,15,NA,10504,NA,11,2,2453,0.1,0,81,Q1,2021
Kenindia,283,NA,1488,5,NA,1444,NA,NA,NA,327,NA,NA,81.5,Q1,2021
Kenya Orient,21,NA,52,NA,NA,25,NA,25,NA,32,30.5,NA,30.5,Q1,2021
KUSCCO Mutual,351,NA,684,NA,NA,828,NA,NA,NA,207,NA,NA,80,Q1,2021
Liberty Life,824,NA,1687,NA,NA,1169,NA,70,NA,1272,2.8,NA,46.6,Q1,2021
Madison,2714,NA,8366,NA,NA,9008,NA,NA,NA,2072,NA,NA,81.3,Q1,2021
Metropolitan Cannon,712,NA,207,NA,NA,316,NA,NA,NA,603,NA,NA,34.4,Q1,2021
Old Mutual,2113,NA,1722,NA,NA,2077,NA,NA,48,1710,NA,1.3,54.2,Q1,2021
Pioneer,8502,NA,5853,NA,NA,4771,NA,NA,NA,9584,NA,NA,33.2,Q1,2021
Prudential Life,600,NA,854,NA,NA,774,NA,NA,NA,680,NA,NA,53.2,Q1,2021
Saham,27,NA,113,NA,NA,115,NA,1,NA,24,0.7,NA,82.1,Q1,2021
Sanlam Life,1505,NA,3878,NA,NA,3753,NA,24,34,1572,0.4,0.6,69.7,Q1,2021
Takaful Life,3,NA,NA,NA,NA,NA,NA,3,NA,NA,100,NA,NA,Q1,2021
The Kenyan Alliance,95,NA,1202,2,NA,1183,NA,NA,NA,114,NA,NA,91.2,Q1,2021
The Monarch,72,NA,84,NA,NA,85,NA,NA,NA,71,NA,NA,54.5,Q1,2021
UAP Life,318,NA,1758,NA,NA,1825,NA,NA,1,250,NA,0,87.9,Q1,2021
Industry,29966,NA,84801,1150,NA,84711,NA,173,92,30039,0.15,0.1,73.7,Q1,2021
ABSA Life,399,NA,1778,NA,NA,1798,NA,NA,NA,379,NA,NA,82.6,Q2,2021
APA Life,392,NA,2803,NA,NA,2563,NA,1,87,544,0,2.7,80.2,Q2,2021
Britam Life,2702,NA,23608,NA,NA,22657,NA,NA,NA,3653,NA,NA,86.1,Q2,2021
Capex Life,5,NA,745,NA,NA,741,NA,NA,NA,12,NA,NA,98.4,Q2,2021
CIC Life,2310,NA,2765,1031,NA,2609,NA,4,NA,2462,0.1,NA,51.4,Q2,2021
Corporate,422,NA,536,NA,NA,571,NA,NA,NA,623,NA,NA,47.8,Q2,2021
GA Life,NA,NA,3376,NA,NA,3373,NA,NA,NA,3,NA,NA,99.9,Q2,2021
Geminia,161,NA,56,NA,NA,74,NA,NA,NA,143,NA,NA,34.1,Q2,2021
ICEA Life,2677,NA,17392,NA,NA,17338,NA,43,NA,2688,0.2,NA,86.4,Q2,2021
Jubilee,2453,NA,10413,57,NA,10376,NA,2,4,2484,0,0,80.6,Q2,2021
Kenindia,327,NA,1427,3,NA,1402,NA,NA,NA,352,NA,NA,79.9,Q2,2021
Kenya Orient,32,NA,35,NA,NA,39,NA,3,1,24,4.5,1.5,58.2,Q2,2021
KUSCCO Mutual,207,NA,689,NA,NA,485,NA,NA,NA,411,NA,NA,54.1,Q2,2021
Liberty Life,1272,NA,2085,NA,NA,2191,NA,7,NA,1159,0.2,NA,65.3,Q2,2021
Madison,2072,NA,8163,NA,NA,8527,NA,NA,NA,1708,NA,NA,83.3,Q2,2021
Metropolitan Cannon,603,NA,270,NA,NA,225,NA,NA,NA,648,NA,NA,25.8,Q2,2021
Old Mutual,1710,NA,2094,NA,NA,2116,NA,NA,27,1661,NA,0.7,55.6,Q2,2021
Pioneer,9584,NA,4597,NA,NA,4487,NA,NA,NA,9694,NA,NA,31.6,Q2,2021
Prudential Life,680,NA,1172,NA,NA,1136,NA,NA,NA,716,NA,NA,61.3,Q2,2021
Saham,24,NA,88,NA,NA,86,NA,NA,NA,26,NA,NA,76.8,Q2,2021
Sanlam Life,1572,NA,4825,NA,NA,4498,NA,26,44,1829,0.4,0.7,70.3,Q2,2021
Takaful Life,NA,NA,NA,NA,NA,NA,NA,NA,NA,NA,NA,NA,NA,Q2,2021
The Kenyan Alliance,114,NA,1152,NA,NA,1121,NA,NA,NA,135,NA,NA,89.3,Q2,2021
The Monarch,71,NA,91,NA,NA,56,NA,NA,NA,106,NA,NA,34.6,Q2,2021
UAP Life,250,NA,1818,NA,NA,1835,NA,1,2,230,0,0.1,88.7,Q2,2021
Industry,30039,NA,91978,1091,NA,90304,NA,87,165,31690,0.07,0.13,73.9,Q2,2021
ABSA Life,379,NA,1878,20,NA,1774,NA,NA,NA,483,NA,NA,78.6,Q3,2021
APA Life,544,NA,2541,NA,NA,2523,NA,NA,21,541,NA,0.7,81.8,Q3,2021
Britam Life,3653,NA,24717,NA,NA,25403,NA,100,NA,2867,0.4,NA,89.5,Q3,2021
Capex Life,12,NA,863,NA,NA,861,NA,NA,NA,16,NA,NA,98.2,Q3,2021
CIC Life,2462,NA,2611,1565,NA,2288,NA,NA,NA,2785,NA,NA,45.1,Q3,2021
Corporate,623,NA,595,NA,NA,402,NA,NA,NA,816,NA,NA,33,Q3,2021
GA Life,3,NA,1012,NA,NA,1009,NA,NA,NA,6,NA,NA,99.4,Q3,2021
Geminia,143,NA,83,NA,NA,82,NA,NA,NA,144,NA,NA,36.3,Q3,2021
ICEA Life,2688,NA,19053,NA,NA,19062,NA,13,NA,2666,0.1,NA,87.7,Q3,2021
Jubilee,2484,NA,10883,73,NA,10950,NA,3,3,2411,0,0,81.9,Q3,2021
Kenindia,352,NA,1515,NA,NA,1446,NA,NA,NA,421,NA,NA,77.5,Q3,2021
Kenya Orient,24,NA,50,NA,NA,24,NA,13,NA,37,17.6,NA,32.4,Q3,2021
KUSCCO Mutual,411,NA,712,NA,NA,680,NA,NA,NA,443,NA,NA,60.6,Q3,2021
Liberty Life,1159,NA,1800,NA,NA,1645,NA,NA,NA,1314,NA,NA,55.6,Q3,2021
Madison,1708,NA,8374,NA,NA,8474,NA,NA,NA,1608,NA,NA,84.1,Q3,2021
Metropolitan Cannon,648,NA,292,NA,NA,272,NA,NA,NA,668,NA,NA,28.9,Q3,2021
Old Mutual,1661,NA,2340,NA,NA,2148,NA,2,19,1832,0,0.5,53.7,Q3,2021
Pioneer,9436,NA,5317,NA,NA,4766,NA,NA,NA,9987,NA,NA,32.3,Q3,2021
Prudential Life,716,NA,1302,NA,NA,1248,NA,NA,NA,770,NA,NA,61.8,Q3,2021
Saham,26,NA,36,NA,NA,35,NA,NA,NA,NA,NA,NA,100,Q3,2021
Sanlam Life,1829,NA,6150,NA,NA,5600,NA,28,30,2321,0.4,0.4,70.2,Q3,2021
Takaful Life,NA,NA,NA,NA,NA,NA,NA,NA,NA,NA,NA,NA,NA,Q3,2021
The Kenyan Alliance,143,NA,1219,9,NA,1200,NA,1,NA,161,0.1,NA,88.1,Q3,2021
The Monarch,106,NA,115,NA,NA,146,NA,NA,NA,75,NA,NA,66.1,Q3,2021
UAP Life,230,NA,1793,NA,NA,1809,NA,NA,1,213,NA,0,89.4,Q3,2021
Industry,31440,NA,95251,1667,NA,93847,NA,160,74,32585,0.13,0.06,74.1,Q3,2021
ABSA Life,483,NA,1875,NA,NA,1786,NA,NA,NA,572,NA,NA,75.7,Q4,2021
APA Life,541,NA,2847,NA,NA,2756,NA,NA,16,616,NA,0.5,81.3,Q4,2021
Britam Life,2867,NA,24322,NA,NA,24312,NA,12,NA,2865,0,NA,89.4,Q4,2021
Capex Life,16,NA,894,NA,NA,823,NA,NA,NA,87,NA,NA,90.4,Q4,2021
CIC Life,2785,NA,2401,1946,NA,2006,NA,NA,NA,3181,NA,NA,38.7,Q4,2021
Corporate,816,NA,444,NA,NA,355,NA,NA,NA,905,NA,NA,28.2,Q4,2021
GA Life,6,NA,839,NA,NA,843,NA,NA,NA,2,NA,NA,99.8,Q4,2021
Geminia,144,NA,58,NA,NA,139,NA,NA,NA,63,NA,NA,68.8,Q4,2021
ICEA Life,2666,NA,19246,NA,NA,19755,NA,38,93,2026,0.2,0.4,90.2,Q4,2021
Jubilee,2411,NA,11209,63,NA,10983,NA,3,3,2631,0,0,80.6,Q4,2021
Kenindia,421,NA,1924,NA,NA,1992,NA,NA,NA,353,NA,NA,84.9,Q4,2021
Kenya Orient,37,NA,28,NA,NA,42,NA,NA,NA,23,NA,NA,64.6,Q4,2021
KUSCCO Mutual,443,NA,517,NA,NA,568,NA,NA,NA,392,NA,NA,59.2,Q4,2021
Liberty Life,1314,NA,1857,NA,NA,1320,NA,NA,NA,1851,NA,NA,41.6,Q4,2021
Madison,1608,NA,8478,NA,NA,8603,NA,NA,166,1317,NA,1.6,85.3,Q4,2021
Metropolitan Cannon,668,NA,222,NA,NA,241,NA,4,NA,645,0.4,NA,27.1,Q4,2021
Old Mutual,1832,NA,2305,NA,NA,2289,NA,1,14,1833,0,0.3,55.3,Q4,2021
Pioneer,9987,NA,4542,NA,NA,5880,NA,NA,NA,8649,NA,NA,40.5,Q4,2021
Prudential Life,770,NA,1415,NA,NA,1524,NA,NA,NA,661,NA,NA,69.7,Q4,2021
Saham,NA,NA,NA,NA,NA,NA,NA,NA,NA,NA,NA,NA,NA,Q4,2021
Sanlam Life,2321,NA,4662,NA,NA,4512,NA,39,68,2364,0.6,1,64.6,Q4,2021
Takaful Life,NA,NA,NA,NA,NA,NA,NA,NA,NA,NA,NA,NA,NA,Q4,2021
The Kenyan Alliance,161,NA,1141,6,NA,1144,NA,1,1,156,0.1,0.1,87.9,Q4,2021
The Monarch,75,NA,74,NA,NA,93,NA,NA,NA,56,NA,NA,62.4,Q4,2021
UAP Life,213,NA,1931,NA,NA,1911,NA,1,1,231,0,0,89.1,Q4,2021
Industry,32585,NA,93231,2015,NA,93877,NA,99,362,31479,0.08,0.29,74.6,Q4,2021
ABSA Life,NA,NA,NA,NA,NA,NA,NA,NA,NA,NA,NA,NA,76.2,Q2,2022
APA Life,NA,NA,NA,NA,NA,NA,NA,NA,NA,NA,NA,NA,68.3,Q2,2022
Britam Life,NA,NA,NA,NA,NA,NA,NA,NA,NA,NA,NA,NA,89.4,Q2,2022
Capex Life,NA,NA,NA,NA,NA,NA,NA,NA,NA,NA,NA,NA,98.5,Q2,2022
CIC Life,NA,NA,NA,NA,NA,NA,NA,NA,NA,NA,NA,NA,39.2,Q2,2022
Corporate,NA,NA,NA,NA,NA,NA,NA,NA,NA,NA,NA,NA,27.8,Q2,2022
Equity Life,NA,NA,NA,NA,NA,NA,NA,NA,NA,NA,NA,NA,NA,Q2,2022
GA Life,NA,NA,NA,NA,NA,NA,NA,NA,NA,NA,NA,NA,100,Q2,2022
Geminia,NA,NA,NA,NA,NA,NA,NA,NA,NA,NA,NA,NA,27.4,Q2,2022
ICEA Life,NA,NA,NA,NA,NA,NA,NA,NA,NA,NA,NA,NA,90.8,Q2,2022
Jubilee,NA,NA,NA,NA,NA,NA,NA,NA,NA,NA,NA,NA,79.8,Q2,2022
Kenindia,NA,NA,NA,NA,NA,NA,NA,NA,NA,NA,NA,NA,86.8,Q2,2022
Kenya Orient,NA,NA,NA,NA,NA,NA,NA,NA,NA,NA,NA,NA,37.3,Q2,2022
KUSCCO Mutual,NA,NA,NA,NA,NA,NA,NA,NA,NA,NA,NA,NA,77.5,Q2,2022
Liberty Life,NA,NA,NA,NA,NA,NA,NA,NA,NA,NA,NA,NA,30.5,Q2,2022
Madison,NA,NA,NA,NA,NA,NA,NA,NA,NA,NA,NA,NA,84.6,Q2,2022
Metropolitan Cannon,NA,NA,NA,NA,NA,NA,NA,NA,NA,NA,NA,NA,27.7,Q2,2022
Old Mutual,NA,NA,NA,NA,NA,NA,NA,NA,NA,NA,NA,NA,55.6,Q2,2022
Old Mutual,NA,NA,NA,NA,NA,NA,NA,NA,NA,NA,NA,NA,NA,Q2,2022
Pioneer,NA,NA,NA,NA,NA,NA,NA,NA,NA,NA,NA,NA,43,Q2,2022
Prudential Life,NA,NA,NA,NA,NA,NA,NA,NA,NA,NA,NA,NA,90.8,Q2,2022
Sanlam Life,NA,NA,NA,NA,NA,NA,NA,NA,NA,NA,NA,NA,58,Q2,2022
Star Discovery Life,NA,NA,NA,NA,NA,NA,NA,NA,NA,NA,NA,NA,NA,Q2,2022
The Kenyan Alliance,NA,NA,NA,NA,NA,NA,NA,NA,NA,NA,NA,NA,91.1,Q2,2022
The Monarch,NA,NA,NA,NA,NA,NA,NA,NA,NA,NA,NA,NA,66.1,Q2,2022
Industry,NA,NA,NA,NA,NA,NA,NA,NA,NA,NA,NA,NA,75.7,Q2,2022
ABSA Life,572,NA,2498,3,NA,2335,NA,NA,92,610,NA,3,76.9,Q3,2022
APA Life,622,NA,1613,NA,NA,1467,NA,NA,39,729,NA,1.7,65.6,Q3,2022
Britam Life,3800,NA,26503,NA,NA,26527,NA,NA,NA,3776,NA,NA,87.5,Q3,2022
Capex Life,15,NA,1172,NA,NA,1166,NA,NA,NA,21,NA,NA,98.2,Q3,2022
CIC Life,2903,NA,1886,1734,NA,1629,NA,4,8,3148,0.1,0.2,34,Q3,2022
Corporate,NA,NA,NA,NA,NA,NA,NA,NA,NA,NA,NA,NA,NA,Q3,2022
Equity Life,46,NA,70,NA,NA,77,NA,NA,NA,39,NA,NA,66.4,Q3,2022
GA Life,1,NA,1283,NA,NA,1282,NA,NA,NA,2,NA,NA,99.8,Q3,2022
Geminia,60,NA,266,1,NA,39,NA,NA,NA,287,NA,NA,12,Q3,2022
ICEA Life,2013,NA,21517,NA,NA,21024,NA,NA,NA,2506,NA,NA,89.3,Q3,2022
Jubilee,2930,NA,12091,129,NA,11783,NA,5,416,2817,0,2.8,78.4,Q3,2022
Kenindia,391,NA,2517,NA,NA,2501,NA,4,2,401,0.1,0.1,86,Q3,2022
Kenya Orient,NA,NA,NA,NA,NA,NA,NA,NA,NA,NA,NA,NA,NA,Q3,2022
KUSCCO Mutual,196,NA,1175,NA,NA,922,NA,NA,NA,449,NA,NA,67.3,Q3,2022
Liberty Life,3068,NA,2062,NA,NA,1407,NA,NA,NA,3723,NA,NA,27.4,Q3,2022
Madison,1491,NA,8651,NA,NA,8337,NA,NA,NA,1805,NA,NA,82.2,Q3,2022
Metropolitan Cannon,604,NA,176,NA,NA,199,NA,2,NA,579,0.3,NA,25.5,Q3,2022
Old Mutual,1763,NA,2348,1,NA,2418,NA,NA,3,1690,NA,0.1,58.8,Q3,2022
Old Mutual,273,NA,1884,NA,NA,1896,NA,NA,NA,261,NA,NA,87.9,Q3,2022
Pioneer,8229,NA,8576,NA,NA,6659,NA,NA,NA,10146,NA,NA,39.6,Q3,2022
Prudential Life,309,NA,4063,NA,NA,4059,NA,NA,NA,313,NA,NA,92.8,Q3,2022
Sanlam Life,2613,NA,4452,NA,NA,4280,NA,24,12,2749,0.3,0.2,60.6,Q3,2022
Star Discovery Life,NA,NA,NA,NA,NA,NA,NA,NA,NA,NA,NA,NA,NA,Q3,2022
The Kenyan Alliance,117,NA,1245,3,NA,1248,NA,1,1,112,0.1,0.1,91.6,Q3,2022
The Monarch,41,NA,73,NA,NA,74,NA,NA,NA,40,NA,NA,64.9,Q3,2022
Industry,32057,NA,106121,1871,NA,101329,NA,40,573,36203,0.03,0.41,73.3,Q3,2022
ABSA Life,610,NA,1967,-2,NA,1887,NA,29,NA,661,1.1,NA,73.2,Q4,2022
APA Life,729,NA,1305,NA,NA,1223,NA,NA,42,769,NA,2.1,60.1,Q4,2022
Britam Life,3776,NA,27695,NA,NA,27158,NA,2,NA,4311,0,NA,86.3,Q4,2022
Capex Life,21,NA,1276,NA,NA,1283,NA,2,NA,12,0.2,NA,98.9,Q4,2022
CIC Life,3148,NA,1788,2624,NA,2713,NA,11,7,2205,0.2,0.1,55,Q4,2022
Corporate,404,NA,190,NA,NA,140,NA,NA,NA,454,NA,NA,23.6,Q4,2022
Equity Life,39,NA,84,NA,NA,91,NA,NA,NA,64,NA,NA,58.7,Q4,2022
GA Life,2,NA,1263,NA,NA,1263,NA,NA,NA,2,NA,NA,99.8,Q4,2022
Geminia,287,NA,521,NA,NA,315,NA,NA,NA,493,NA,NA,39,Q4,2022
ICEA Life,2506,NA,21044,NA,NA,20844,NA,NA,NA,2706,NA,NA,88.5,Q4,2022
Jubilee,2817,NA,11961,109,NA,11907,NA,18,18,2835,0.1,0.1,80.6,Q4,2022
Kenindia,401,NA,2502,3,NA,2520,NA,1,13,369,0,0.4,86.8,Q4,2022
Kenya Orient,44,NA,27,NA,NA,28,NA,NA,NA,43,NA,NA,39.4,Q4,2022
KUSCCO Mutual,449,NA,1179,NA,NA,874,NA,NA,NA,754,NA,NA,53.7,Q4,2022
Liberty Life,3723,NA,1619,NA,NA,1160,NA,NA,NA,4182,NA,NA,21.7,Q4,2022
Madison,1805,NA,8372,2,NA,8562,NA,NA,NA,1615,NA,NA,84.1,Q4,2022
Metropolitan Cannon,579,NA,184,NA,NA,147,NA,6,8,602,0.8,1,19.3,Q4,2022
Old Mutual,1690,NA,2234,NA,NA,2517,NA,NA,6,1401,NA,0.2,64.1,Q4,2022
Old Mutual,261,NA,1992,NA,NA,1967,NA,NA,NA,286,NA,NA,87.3,Q4,2022
Pioneer,10146,NA,5279,NA,NA,6963,NA,NA,NA,8462,NA,NA,45.1,Q4,2022
Prudential Life,313,NA,3307,NA,NA,3383,NA,NA,NA,237,NA,NA,93.5,Q4,2022
Sanlam Life,2749,NA,4174,NA,NA,4407,NA,104,73,2339,1.5,1.1,63.7,Q4,2022
Star Discovery Life,NA,NA,NA,NA,NA,NA,NA,NA,NA,NA,NA,NA,NA,Q4,2022
The Kenyan Alliance,112,NA,1232,5,NA,1246,NA,NA,NA,98,NA,NA,92.7,Q4,2022
The Monarch,40,NA,76,NA,NA,80,NA,NA,NA,36,NA,NA,69,Q4,2022
Industry,36651,NA,101271,2741,NA,102678,NA,173,167,34936,0.13,0.12,74.4,Q4,2022
ABSA Life,661,NA,1848,41,NA,1750,NA,NA,34,725,NA,1.4,69.7,Q1,2023
APA Life,769,NA,1298,NA,NA,1278,NA,NA,30,759,NA,1.5,61.8,Q1,2023
Britam Life,4364,NA,30998,NA,NA,30967,NA,NA,NA,4395,NA,NA,87.6,Q1,2023
Cannon Life,602,NA,122,NA,NA,163,NA,NA,556,5,NA,76.8,22.5,Q1,2023
Capex Life,12,NA,1462,NA,NA,1457,NA,NA,NA,17,NA,NA,98.8,Q1,2023
CIC Life,2205,NA,1569,2018,NA,2195,NA,25,NA,1554,0.7,NA,58.2,Q1,2023
Corporate,NA,NA,NA,NA,NA,NA,NA,NA,NA,NA,NA,NA,NA,Q1,2023
Equity Life,64,NA,147,NA,NA,100,NA,NA,3,108,NA,1.4,47.4,Q1,2023
GA Life,2,NA,742,NA,NA,743,NA,NA,NA,1,NA,NA,99.9,Q1,2023
Geminia,493,NA,199,NA,NA,165,NA,NA,NA,527,NA,NA,23.8,Q1,2023
ICEA Life,2706,NA,21800,NA,NA,21874,NA,4,21,2607,0,0.1,89.3,Q1,2023
Jubilee,2835,NA,11506,319,NA,11438,NA,NA,7,2896,NA,0,79.8,Q1,2023
Kenindia,369,NA,2560,NA,NA,2472,NA,NA,11,446,NA,0.4,84.4,Q1,2023
Kenya Orient,43,NA,10,NA,NA,36,NA,NA,NA,17,NA,NA,67.9,Q1,2023
KUSCCO Mutual,754,NA,1005,NA,NA,1200,NA,3,NA,556,0.2,NA,68.2,Q1,2023
Liberty Life,4182,NA,1660,NA,NA,1026,NA,NA,NA,4816,NA,NA,17.6,Q1,2023
Madison,1615,NA,8359,NA,NA,8626,NA,NA,NA,1348,NA,NA,86.5,Q1,2023
Old Mutual,1401,NA,1710,NA,NA,1731,NA,NA,24,1356,NA,0.8,55.6,Q1,2023
Old Mutual,286,NA,2444,1,NA,2446,NA,NA,NA,284,NA,NA,89.6,Q1,2023
Pioneer,8462,NA,5532,NA,NA,5622,NA,NA,NA,8372,NA,NA,40.2,Q1,2023
Prudential Life,237,NA,2683,NA,NA,2719,NA,NA,NA,201,NA,NA,93.1,Q1,2023
Sanlam Life,2339,NA,4279,NA,NA,3849,NA,17,70,2682,0.3,1.1,58.2,Q1,2023
Star Discovery Life,NA,NA,NA,NA,NA,NA,NA,NA,NA,NA,NA,NA,NA,Q1,2023
The Kenyan Alliance,98,NA,774123,3,NA,774075,NA,52,NA,94,0,NA,100,Q1,2023
The Monarch,36,NA,49,NA,NA,48,NA,NA,NA,37,NA,NA,56.5,Q1,2023
Industry,34535,NA,876105,2382,NA,875980,NA,101,756,33803,0.01,0.08,96.2,Q1,2023
ABSA Life,725,NA,2004,NA,NA,1887,NA,NA,68,774,NA,2.5,69.1,Q2,2023
APA Life,759,NA,1473,NA,NA,1191,NA,NA,97,944,NA,4.3,53.4,Q2,2023
Britam Life,4395,NA,30413,NA,NA,29897,NA,NA,NA,4911,NA,NA,85.9,Q2,2023
Cannon Life,5,NA,330,NA,NA,307,NA,3,21,4,0.9,6.3,91.6,Q2,2023
Capex Life,17,NA,1550,NA,NA,1554,NA,NA,NA,13,NA,NA,99.2,Q2,2023
CIC Life,1554,NA,1793,1368,NA,1788,NA,20,NA,1539,0.6,NA,53.4,Q2,2023
Corporate,468,NA,334,NA,NA,175,NA,5,1,621,0.6,0.1,21.8,Q2,2023
Equity Life,108,NA,171,NA,NA,107,NA,120,3,49,43,1.1,38.4,Q2,2023
GA Life,1,NA,6880,NA,NA,6879,NA,NA,NA,2,NA,NA,100,Q2,2023
Geminia,527,NA,29,NA,NA,49,NA,NA,NA,507,NA,NA,8.8,Q2,2023
ICEA Life,2607,NA,22543,NA,NA,22595,NA,NA,5,2550,NA,0,89.8,Q2,2023
Jubilee,2896,NA,12994,210,NA,13494,NA,10,190,2196,0.1,1.2,84.9,Q2,2023
Kenindia,446,NA,2502,NA,NA,2460,NA,5,39,444,0.2,1.3,83.4,Q2,2023
Kenya Orient,17,NA,13,NA,NA,9,NA,NA,NA,21,NA,NA,30,Q2,2023
KUSCCO Mutual,556,NA,750,NA,NA,472,NA,1,NA,833,0.1,NA,36.1,Q2,2023
Liberty Life,4816,NA,1652,NA,NA,1451,NA,NA,NA,5017,NA,NA,22.4,Q2,2023
Madison,1348,NA,8429,NA,NA,8293,NA,NA,NA,1484,NA,NA,84.8,Q2,2023
Old Mutual,1356,NA,1283,1,NA,1296,NA,NA,60,1283,NA,2.3,49.1,Q2,2023
Old Mutual,284,NA,2311,NA,NA,2270,NA,NA,NA,325,NA,NA,87.5,Q2,2023
Pioneer,8372,NA,4936,NA,NA,5024,NA,2,NA,8283,0,NA,37.7,Q2,2023
Prudential Life,201,NA,2018,NA,NA,2027,NA,NA,NA,192,NA,NA,91.3,Q2,2023
Sanlam Life,2682,NA,3934,NA,NA,3761,NA,15,210,2630,0.2,3.2,56.8,Q2,2023
Star Discovery Life,NA,NA,NA,NA,NA,NA,NA,NA,NA,NA,NA,NA,NA,Q2,2023
The Kenyan Alliance,94,NA,1373,6,NA,1376,NA,NA,NA,91,NA,NA,93.8,Q2,2023
The Monarch,37,NA,69,NA,NA,66,NA,NA,NA,40,NA,NA,62.3,Q2,2023
Industry,34271,NA,109784,1585,NA,108428,NA,181,694,34753,0.13,0.48,75.3,Q2,2023
ABSA Life,774,NA,2356,43,NA,2322,NA,3,27,778,0.1,0.9,74.2,Q3,2023
APA Life,944,NA,1326,NA,NA,1181,NA,1,60,1028,0,2.6,52,Q3,2023
Britam Life,4911,NA,32782,NA,NA,32497,NA,9,41,5146,0,0.1,86.2,Q3,2023
Cannon Life,4,NA,618,7,NA,340,NA,2,12,268,0.3,1.9,54.7,Q3,2023
Capex Life,13,NA,1701,NA,NA,1685,NA,2,NA,27,0.1,NA,98.3,Q3,2023
CIC Life,1539,NA,2724,2297,NA,2653,NA,18,NA,1592,0.4,NA,62.2,Q3,2023
Corporate,621,NA,626,18,NA,183,NA,9,8,1047,0.7,0.6,14.7,Q3,2023
Equity Life,49,NA,182,NA,NA,125,NA,39,1,66,16.9,0.4,54.1,Q3,2023
GA Life,2,NA,1423,NA,NA,1424,NA,NA,NA,1,NA,NA,99.9,Q3,2023
Geminia,507,NA,46,NA,NA,45,NA,NA,NA,508,NA,NA,8.1,Q3,2023
ICEA Life,2550,NA,31973,NA,NA,31707,NA,3,191,2622,0,0.6,91.8,Q3,2023
Jubilee,2196,NA,13074,42,NA,13102,NA,35,8,2125,0.2,0.1,85.8,Q3,2023
Kenindia,444,NA,2555,NA,NA,2582,NA,2,11,404,0.1,0.4,86.1,Q3,2023
Kenya Orient,21,NA,31,NA,NA,20,NA,NA,NA,32,NA,NA,38.5,Q3,2023
KUSCCO Mutual,833,NA,843,NA,NA,677,NA,1,NA,998,0.1,NA,40.4,Q3,2023
Liberty Life,5017,NA,1735,NA,NA,1706,NA,NA,NA,5046,NA,NA,25.3,Q3,2023
Madison,1484,NA,8730,NA,NA,8517,NA,NA,122,1575,NA,1.2,83.4,Q3,2023
Old Mutual,1283,NA,1520,1,NA,1580,NA,1,100,1122,0,3.6,56.4,Q3,2023
Old Mutual,325,NA,2980,NA,NA,3006,NA,1,NA,298,0,NA,91,Q3,2023
Pioneer,8283,NA,5400,NA,NA,5283,NA,NA,NA,8400,NA,NA,38.6,Q3,2023
Prudential Life,192,NA,1989,NA,NA,1985,NA,NA,NA,196,NA,NA,91,Q3,2023
Sanlam Life,2630,NA,4107,NA,NA,4013,NA,18,33,2673,0.3,0.5,59.6,Q3,2023
Star Discovery Life,146,NA,1498,NA,NA,1548,NA,NA,NA,96,NA,NA,94.2,Q3,2023
The Kenyan Alliance,91,NA,1338,NA,NA,1340,NA,NA,NA,89,NA,NA,93.8,Q3,2023
The Monarch,40,NA,134,NA,NA,61,NA,2,NA,111,1.1,NA,35.1,Q3,2023
Industry,34899,NA,121691,2408,NA,119582,NA,146,614,36248,0.09,0.39,76.4,Q3,2023
